[
  {
    "asin": "B0CW1G3XR6",
    "title": "Umgang mit Eifersüchtigen: So bewahrst du deine innere Stärke",
    "author": "Dirk Werner",
    "image": {
      "link": "https://m.media-amazon.com/images/I/7120r0YodfL.jpg"
    },
    "link": "https://www.amazon.de/Umgang-mit-Eifers%C3%BCchtigen-bewahrst-innere-ebook/dp/B0CW1G3XR6"
  },
  {
    "asin": "B0DNBSQXXL",
    "title": "How to Recognize Cults: A Guide to Protecting Yourself from Manipulation and Control (English Edition)",
    "author": "Dirk Werner",
    "image": {
      "link": "https://m.media-amazon.com/images/I/81U7rDDkknL.jpg"
    },
    "link": "https://www.amazon.de/How-Recognize-Cults-Protecting-Manipulation-ebook/dp/B0DNBSQXXL"
  },
  {
    "asin": "B0DY7K1148",
    "title": "Psychotainment: Wie du auf jeder Party glänzt: 101 psychologische Fakten, die Gespräche unvergesslich machen",
    "author": "Dirk Werner",
    "image": {
      "link": "https://m.media-amazon.com/images/I/81JdaN0VGXL.jpg"
    },
    "link": "https://www.amazon.de/Psychotainment-gl%C3%A4nzt-psychologische-Gespr%C3%A4che-unvergesslich-ebook/dp/B0DY7K1148"
  },
  {
    "asin": "B0DV56DC5P",
    "title": "The Key of the Enlightened (English Edition)",
    "author": "Dirk Werner",
    "image": {
      "link": "https://m.media-amazon.com/images/I/81jq2h0h4mL.jpg"
    },
    "link": "https://www.amazon.de/Key-Enlightened-English-Dirk-Werner-ebook/dp/B0DV56DC5P"
  },
  {
    "asin": "B0DT7F2VVS",
    "title": "Instructions for Staying in the Matrix Forever (English Edition)",
    "author": "Dirk Werner",
    "image": {
      "link": "https://m.media-amazon.com/images/I/714ARxqExxL.jpg"
    },
    "link": "https://www.amazon.de/Instructions-Staying-Matrix-Forever-English-ebook/dp/B0DT7F2VVS"
  },
  {
    "asin": "B0DS9Y8W5V",
    "title": "Awakening: The Lyra Code (English Edition)",
    "author": "Dirk Werner",
    "image": {
      "link": "https://m.media-amazon.com/images/I/81Rd35sljmL.jpg"
    },
    "link": "https://www.amazon.de/Awakening-Lyra-English-Dirk-Werner-ebook/dp/B0DS9Y8W5V"
  },
  {
    "asin": "B0DHV3LPL1",
    "title": "Fatal Trance: Dr. Seelmann's First Case (Dr. Seelmann's Mysterious Cases Book 1) (English Edition)",
    "author": "Dirk Werner",
    "image": {
      "link": "https://m.media-amazon.com/images/I/814bFgKbUsL.jpg"
    },
    "link": "https://www.amazon.de/Fatal-Trance-Seelmanns-Mysterious-English-ebook/dp/B0DHV3LPL1"
  },
  {
    "asin": "B0DJL6VXDJ",
    "title": "Deadly Echo: Dr. Seelmann's Second Case (Dr. Seelmann's Mysterious Cases Book 2) (English Edition)",
    "author": "Dirk Werner",
    "image": {
      "link": "https://m.media-amazon.com/images/I/81AoFGBLsmL.jpg"
    },
    "link": "https://www.amazon.de/Deadly-Echo-Seelmanns-Mysterious-English-ebook/dp/B0DJL6VXDJ"
  },
  {
    "asin": "B0DJY7S893",
    "title": "The Legacy of the Lodges: Dr. Seelmann's 3rd Case (Dr. Seelmann's Mysterious Cases) (English Edition)",
    "author": "Dirk Werner",
    "image": {
      "link": "https://m.media-amazon.com/images/I/712Ox66YbtL.jpg"
    },
    "link": "https://www.amazon.de/Legacy-Lodges-Seelmanns-Mysterious-English-ebook/dp/B0DJY7S893"
  },
  {
    "asin": "B0DHG8WCDK",
    "title": "Verhängnisvolle Trance: Dr. Seelmanns erster Fall (Dr. Seelmanns mysteriöse Fälle)",
    "author": "Dirk Werner",
    "image": {
      "link": "https://m.media-amazon.com/images/I/81YYu9nYi-L.jpg"
    },
    "link": "https://www.amazon.de/Verh%C3%A4ngnisvolle-Trance-Seelmanns-erster-mysteri%C3%B6se-ebook/dp/B0DHG8WCDK"
  },
  {
    "asin": "B0DHV6WTZQ",
    "title": "Tödliches Echo: Dr. Seelmanns zweiter Fall (Dr. Seelmanns mysteriöse Fälle)",
    "author": "Dirk Werner",
    "image": {
      "link": "https://m.media-amazon.com/images/I/816JUw-0OzL.jpg"
    },
    "link": "https://www.amazon.de/T%C3%B6dliches-Echo-Seelmanns-zweiter-mysteri%C3%B6se-ebook/dp/B0DHV6WTZQ"
  },
  {
    "asin": "B0DJNS7TVB",
    "title": "Das Vermächtnis der Logen: Dr. Seelmanns 3. Fall (Dr. Seelmanns mysteriöse Fälle)",
    "author": "Dirk Werner",
    "image": {
      "link": "https://m.media-amazon.com/images/I/71D9FYxTxsL.jpg"
    },
    "link": "https://www.amazon.de/Das-Verm%C3%A4chtnis-Logen-Seelmanns-mysteri%C3%B6se-ebook/dp/B0DJNS7TVB"
  },
  {
    "asin": "B0DFVQP4JT",
    "title": "Souverän durch ihre Tests: Ein Handbuch für Männer",
    "author": "Dirk Werner",
    "image": {
      "link": "https://m.media-amazon.com/images/I/71a3wgFoXiL.jpg"
    },
    "link": "https://www.amazon.de/Souver%C3%A4n-durch-ihre-Tests-Handbuch-ebook/dp/B0DFVQP4JT"
  },
  {
    "asin": "B0DFD4GVKM",
    "title": "Seminar der Herzen: Eine Geschichte, die Beziehungen erklärt",
    "author": "Dirk Werner",
    "image": {
      "link": "https://m.media-amazon.com/images/I/81Tlc4xcLHL.jpg"
    },
    "link": "https://www.amazon.de/Seminar-Herzen-Geschichte-Beziehungen-erkl%C3%A4rt-ebook/dp/B0DFD4GVKM"
  },
  {
    "asin": "B0DDJVX6GQ",
    "title": "Herzklopfen für die Ewigkeit: Der Weg zu dauerhafter Liebe",
    "author": "Dirk Werner",
    "image": {
      "link": "https://m.media-amazon.com/images/I/81qDfFOusrL.jpg"
    },
    "link": "https://www.amazon.de/Herzklopfen-f%C3%BCr-die-Ewigkeit-dauerhafter-ebook/dp/B0DDJVX6GQ"
  },
  {
    "asin": "B0DCTZF166",
    "title": "American Shadows: Hecate's Intervention - The Unofficial Sequel to American Gods (English Edition)",
    "author": "Dirk Werner",
    "image": {
      "link": "https://m.media-amazon.com/images/I/81LKWtbbD0L.jpg"
    },
    "link": "https://www.amazon.de/American-Shadows-Hecates-Intervention-Unofficial-ebook/dp/B0DCTZF166"
  },
  {
    "asin": "B0DC28N8WZ",
    "title": "Der Herzschmerz-Ratgeber: Eine Schritt-für-Schritt-Anleitung zur Heilung und zum Neuanfang",
    "author": "Dirk Werner",
    "image": {
      "link": "https://m.media-amazon.com/images/I/71tNwpSTWXL.jpg"
    },
    "link": "https://www.amazon.de/Herzschmerz-Ratgeber-Eine-Schritt-f%C3%BCr-Schritt-Anleitung-Heilung-Neuanfang-ebook/dp/B0DC28N8WZ"
  },
  {
    "asin": "B0CW1JS3B5",
    "title": "Nanogenesis: The Rise of Superhumans (English Edition)",
    "author": "Dirk Werner",
    "image": {
      "link": "https://m.media-amazon.com/images/I/81k1jQeXgbL.jpg"
    },
    "link": "https://www.amazon.de/Nanogenesis-Superhumans-English-Dirk-Werner-ebook/dp/B0CW1JS3B5"
  },
  {
    "asin": "B0D9J2X8D3",
    "title": "Self-Love Over Perfection: A Guide to Overcoming Female Narcissism (English Edition)",
    "author": "Dirk Werner",
    "image": {
      "link": "https://m.media-amazon.com/images/I/71D0-qTLOuL.jpg"
    },
    "link": "https://www.amazon.de/Self-Love-Over-Perfection-Overcoming-Narcissism-ebook/dp/B0D9J2X8D3"
  },
  {
    "asin": "B0D9762V4T",
    "title": "Selbstsabotage überwinden: Entfessle dein wahres Potenzial",
    "author": "Dirk Werner",
    "image": {
      "link": "https://m.media-amazon.com/images/I/81cZff5qtCL.jpg"
    },
    "link": "https://www.amazon.de/Selbstsabotage-%C3%BCberwinden-Entfessle-wahres-Potenzial-ebook/dp/B0D9762V4T"
  },
  {
    "asin": "B0D429HGV1",
    "title": "Emotionale Intelligenz und Leadership: Wie Sie Ihre Stärken optimal nutzen (Thought Leader)",
    "author": "Dirk Werner",
    "image": {
      "link": "https://m.media-amazon.com/images/I/61Y+6IwoGDL.jpg"
    },
    "link": "https://www.amazon.de/Emotionale-Intelligenz-Leadership-St%C3%A4rken-optimal-ebook/dp/B0D429HGV1"
  },
  {
    "asin": "B0D4HXWHN8",
    "title": "101 goldene Regeln für eine harmonische Paar-Beziehung",
    "author": "Dirk Werner",
    "image": {
      "link": "https://m.media-amazon.com/images/I/81PIRCDk7jL.jpg"
    },
    "link": "https://www.amazon.de/goldene-Regeln-eine-harmonische-Paar-Beziehung-ebook/dp/B0D4HXWHN8"
  },
  {
    "asin": "B0D3BMXBN1",
    "title": "Suizidprävention: Basics",
    "author": "Dirk Werner",
    "image": {
      "link": "https://m.media-amazon.com/images/I/81OMcBcTYXL.jpg"
    },
    "link": "https://www.amazon.de/Suizidpr%C3%A4vention-Basics-Dirk-Werner-ebook/dp/B0D3BMXBN1"
  },
  {
    "asin": "B0CQSM6WGQ",
    "title": "Dankbarkeit im Alltag: Ein interaktives Tagebuch für mehr Zufriedenheit und Lebensfreude",
    "author": "Dirk Werner",
    "image": {
      "link": "https://m.media-amazon.com/images/I/71ta7WfuuoL.jpg"
    },
    "link": "https://www.amazon.de/Dankbarkeit-Alltag-interaktives-Zufriedenheit-Lebensfreude-ebook/dp/B0CQSM6WGQ"
  },
  {
    "asin": "B0CNPY5PJH",
    "title": "The Battle Within: A Guide to Overcoming Inner Struggles",
    "author": "Dirk Werner",
    "image": {
      "link": "https://m.media-amazon.com/images/I/81S1MQ4bhkL.jpg"
    },
    "link": "https://www.amazon.de/Battle-Within-Guide-Overcoming-Struggles-ebook/dp/B0CNPY5PJH"
  },
  {
    "asin": "B0C9ZYHD9T",
    "title": "Gemeinsam den Weg gehen: Empathie im Umgang mit psychischen Erkrankungen für Angehörige und Patienten (Psychotherapie: Mittel und Methoden)",
    "author": "Dirk Werner",
    "image": {
      "link": "https://m.media-amazon.com/images/I/61SP9kW4IhL.jpg"
    },
    "link": "https://www.amazon.de/Gemeinsam-den-Weg-gehen-Psychotherapie-ebook/dp/B0C9ZYHD9T"
  },
  {
    "asin": "B0D7Z9D9KG",
    "title": "Kosmische Matrix: Heilige Geometrie zum Ausmalen: 70+ inspirierende Motive",
    "author": "Dirk Werner",
    "image": {
      "link": "https://m.media-amazon.com/images/I/81SB6qaE+uL.jpg"
    },
    "link": "https://www.amazon.de/Kosmische-Matrix-Geometrie-Ausmalen-inspirierende/dp/B0D7Z9D9KG"
  },
  {
    "asin": "B0D7Q4BF74",
    "title": "Malen gegen den Schmerz: Dein Weg zur Heilung: inklusive 50+ Ausgangsmotiven für deine kreative Traumabewältigung",
    "author": "Dirk Werner",
    "image": {
      "link": "https://m.media-amazon.com/images/I/71RnxxsHRyL.jpg"
    },
    "link": "https://www.amazon.de/Malen-gegen-Schmerz-Ausgangsmotiven-Traumabew%C3%A4ltigung/dp/B0D7Q4BF74"
  }
]